id;floor;type;surface;orientation;price
N� Lot;Etage;Type;Surface;Orientation;Prix
1;RDC Haut;T3;63.5;Est;259700
2;RDC Haut;T3;66.25;Est;265000
3;RDC Haut;T3;63.75;Sud-Ouest;260000
4;RDC Haut;T2;38.2;Sud-Ouest;163000
101;R+1;T3;63.5;Est;264500
102;R+1;T3;66.7;Est;287000
103;R+1;T3;69.15;Sud-Ouest;289000
104;R+1;T2;45.25;Sud-Ouest;183000
105;R+1;T2;37.65;Sud-Ouest;173900
106;R+1;T4;88.55;Nord-Ouest;328200
107;R+1;T2;38.25;Nord-Est;183200
201;R+2;T3;63.5;Est;292000
202;R+2;T3;66.7;Est;292000
203;R+2;T3;69.15;Sud-Ouest;294000
204;R+2;T4;84.4;Ouest;319000
205;R+2;T4;88.55;Nord-Ouest;319000