<?xml version="1.0" encoding="utf-8" ?>
<form>
	<section>
		<input type="singlechoice" text="Gender" valueKey="crm.manager.gender">
			<choice image="picto_homme.png" value="Mr." />
			<choice image="picto_femme.png" value="Mrs." />
		</input>

		<input type="singleLineText" text="First Name" valueKey="firstname" />
		<input type="singleLineText" text="Last Name" valueKey="lastname" />
		<input type="datePicker" text="Birth date" valueKey="crm.manager.birthdate" />
	</section>

	<section>
		<input type="singleLineText" text="Phone number" valueKey="phoneNumber" />
		<input type="singleLineText" text="Mail adress" valueKey="email" />

		<input type="singlechoice" text="Family status" valueKey="crm.manager.familystatus">
			<choice text="Single" />
			<choice text="Married" />
			<choice text="Common-law union" />
			<choice text="Widower" />
		</input>
	</section>
</form>
