id;floor;type;surface;orientation;price
N° Lot;Floor;Type;Surface;Orientation;Price
1;R+0;T3;63.5;East;259700
2;R+0;T3;66.25;East;265000
3;R+0;T3;63.75;South-West;260000
4;R+0;T2;38.2;South-West;163000
101;R+1;T3;63.5;East;264 500
102;R+1;T3;66.7;East;287000
103;R+1;T3;69.15;South-West;289000
104;R+1;T2;45.25;South-West;183000
105;R+1;T2;37.65;South-West;173900
106;R+1;T4;88.55;North-West;328200
107;R+1;T2;38.25;North-East;183200
201;R+2;T3;63.5;East;292000
202;R+2;T3;66.7;East;292000
203;R+2;T3;69.15;South-West;294000
204;R+2;T4;84.4;West;319000
205;R+2;T4;88.55;North-West;319000
