<?xml version="1.0" encoding="UTF-8"?>
<krpano>
	<scene name="scene_001" title="Living room">
		<image type="CUBE">
			<cube/>
		</image>		
		<hotspot name="hotspot_001" linkedscene="scene_002" ath="-18" athv="4"/>
		<hotspot name="hotspot_002" linkedscene="scene_003" ath="-5" athv="-20"/>
		<hotspot name="hotspot_003" linkedscene="scene_004" ath="-245" athv="0"/>
	</scene>
	<scene name="scene_002" title="Bedroom 1">
		<image type="CUBE">
			<cube/>
		</image>
		<hotspot name="hotspot_001" linkedscene="scene_001" ath="-275" athv="-0.43"/>
	</scene>
	<scene name="scene_003" title="Bathroom">
		<image type="CUBE">
			<cube/>
		</image>
		<hotspot name="hotspot_001" linkedscene="scene_001" ath="-170" athv="-0.43"/>
	</scene>
	<scene name="scene_004" title="Bedroom 2">
		<image type="CUBE">
			<cube/>
		</image>
		<hotspot name="hotspot_001" linkedscene="scene_001" ath="-275" athv="-0.43"/>
	</scene>
</krpano>