{
	"Slides": [{
		"Pois": [
		{
			"Type": 1,
			"Args": "3 - Sequence with hotspots - Polygonials.sequence",
			"Image": "poi.png",
			"X": 321,
			"Y": 251,
			"Width": 50,
			"Height": 50,
			"Rotation": 0.0
		},
		{
			"Type": 1,
			"Args": "3 - Sequence with hotspots - Polygonials.sequence",
			"Image": "poi.png",
			"X": 849,
			"Y": 257,
			"Width": 50,
			"Height": 50,
			"Rotation": 0.0
		}
		],
		"TextBoxes": [],
		"PolygonalPois": [],
		"Index": 0,
		"Width": 1280,
		"Height": 720
	},
	{
		"Pois": [],
		"TextBoxes": [],
		"PolygonalPois": [],
		"Index": 1,
		"Width": 1280,
		"Height": 720
	}]
}