<?xml version="1.0" encoding="utf-8" ?>
<quizz label="REAL PROPERTY ACQUISITION" color="#345F75" xmlns:xsi="http://www.w3.org/2001/XMLSchema-instance" xmlns:xsd="http://www.w3.org/2001/XMLSchema">

  <sections>
    <section id="section 1">1. Your property</section>
    <section id="section 2">1. Your property</section>
    <section id="section 3">2. Your loan calculator</section>
    <section id="section 4">3. Your details</section>

  </sections>
  <pages>

    <questionPage sectionId="section 1" label="Your project ">
      <answer nextPageId="tousLesBiens">First acquisition</answer>
      <answer nextPageId="tousLesBiens">Rental purchase</answer>
      <answer nextPageId="tousLesBiens">acquisition with current property sale </answer>
      <answer nextPageId="maisonAppart">Renovation work</answer>
      <answer nextPageId="tousLesBiens">Pension plan </answer>
    </questionPage>


    <questionPage id="maisonAppart" sectionId="section 2" label="Property description">
      <imageAnswer visual="house" nextPageId="apport">House</imageAnswer>
      <imageAnswer visual="apartment" nextPageId="apport">Apartment</imageAnswer>
    </questionPage>



    <questionPage id="tousLesBiens" sectionId="section 2" label="Property description">
      <imageAnswer visual="house">House</imageAnswer>
      <imageAnswer visual="apartment">Apartment</imageAnswer>
      <imageAnswer visual="land">Land</imageAnswer>
      <imageAnswer visual="construction">Construction</imageAnswer>
      <imageAnswer visual="landandconstruction">Land and construction</imageAnswer>
    </questionPage>




    <numericSliderPage id="apport" sectionId="section 3" label="Your installments" min="0" max="1000000" stepSize="5000" format="### ### ##0 $" valueKey="finance.budget"/>


    <infoPage sectionId="section 4" label="Please fill in your details">
      <info label="Lastname" valueKey="lastname"/>
      <info label="Firstname" valueKey="firstname"/>
    </infoPage>

    <documentPage id="bumpy" text="Loan simulator" nextPageId="@end" document="Loan simulator"/>


  </pages>
</quizz>